0x14791697260E4c9A71f18484C9f997B308e59325;77990
0x4C42F75ceae7b0CfA9588B940553EB7008546C29;78194
0xD588307388250D0aC7aB33E0eEDbd31891F3062d;74317
0x223599f7AbCacC52bd94BDcf74cb5165Cf926cFf;14184
0x6C5cC185Ac632Ff168CC4a941be8ea1Bbc485216;22814
0x85A5F7da41C7596Cd0A81969E0fDbe671c20B24a;85206
0xfAa07569644679755eEf67E60cf64626741534f7;16342
0xc3deDeE7795fC79394Bd72b7f3D65aD0E62b039d;57684
0xB2976117081C6629AeaDCD6008AFc948fb3D5b03;28150
0x93B33bA0e163725Fe9fda5B1FD6DEBCc7f11E327;6018
0xE0AdFb784665f93798E26044631d28D2712F8447;97491
0x04b0e7439eB383ce21216AEc116922704e80e396;55377
0x13Ff8100EcD43A9897E5e94cf5725843707066Ac;35266
0x64A4b74CDB26ac1607C0d7466f42Da141a0c323F;74030
0xB15001C66E3F72377D2574197A37FA2688938075;75778
0x1E0994EDEF384bc94A46C8927D0E6D736b53A18f;80905
0x2e16184036C1dDfCBf477E6cFa84485A93f27D69;91196
0x7c7F9FbB9697a9E2288ad2d1A7F29439EEDEf431;84166
0x4b5D9182A039Ea3ad8B70be2eAbcF8736637d2F4;26013
0xa732A1a809De51B8d040a22E541cFDAC22Ba309e;60767
0x1AF9d1c0A8746a4D4675B75D339910D72EaB71b6;84886
0xC4f0635De6783FcD1671DD6180D44705359F2e10;54260
0x353B15fCCA347d5941a6926401b2261cca6aB5F0;61780
0x4e37aA70F938cA0b7A9a710DF1B94cD4FaCDC4D3;67191
0x3B644844AA883BB7324a4BeE16392C6EFE2Ec97F;89089
0x1a5773c6a03492cbE0B788165996691C2B7268c3;89425
0xe724908CA122421255baF17af639130A0Fb164B6;16311
0x52Be70CDd5010204e9692A409B78Ef5BFF999E28;69819
0x4E96C25F09902efD9980b28f551654773119A2Ee;69500
0x563C94f0BDcbC1531E6F5857FAB222c6dd5BEdc7;34160
0x556Ef893f48b630A5C0c3C73A15b4Ee5f6436a4c;80724
0x21287dfe6ba493DeAe4f6F1F625658b5b170CeC2;83759
0xbc5F409d8e80F3d6fD07912031067f772A6b7E68;27412
0x9045AaD11cF6Cf9aFdDde394dbe8152c5d212e91;89220
0xb3A371d9D0c06f5b8751E5d84c94Bb6aC6E9DA5F;95041
0x29fbfF850651d422e910a1B926b5199c312Ecc8C;94623
0x6074e36281782935cd178124dc28393157E914B9;86629
0x86C555a57404edF5C59586Bd55Fba22E222AB1B6;58113
0xc828a84D2eb93Ff3CE79Bd023eBB202898E3F67b;94431
0x4CA02cef40e052cfe00946B8400c85882d4E71b5;13809
0x6163D407c5dE5FAb7Cbc43F987E2138DA9060C67;62107
0x3b660130D4B30c99DeFFb758aF3A255C3Db72549;72754
0xAd43D4a1d5b740ea42c41FA99D46D2A8860Db29d;58196
0x22c92372293c4f94fD213053fBeb24abE2cCbed0;65289
0xfFAfcd9640ff10CC8dbdF2E0dfc4Ea74E2b5C7dE;75418
0xE934A3848029ABd113E8DB7684DE27208AE1D990;91788
0xDD90B5bb0dACeeb9CE13D4c360C1C5f202E87C5A;48459
0x991b4053d19626bf87F6EF1BA456096F3D4687Af;6444
0xc06f384B71b55C372DE312DeF4fBCb3A61cc841d;10363
0xE7993db94d0FCD9d0FB652Ea9141FAC662dcDa06;8030
0xD622386984B15A7A21Be6aC7ad0ac52a8c2DfB4B;58140
0xeA6Ad366b281F23Ef2222E690213C5C2C98c3c4f;72382
0x489A862a7140A9c7ED3e4559e7d8dCA4f1519665;59260
0xc81421aBb433093576f6f7F9869FB3c137aDaD21;2799
0xC2E3ACF99f2DC214F8D6E4b958b8793c0Eb3514d;76476
0xb986343e5f2F6bC26F0E921bCC87310B5CeC1eE4;86705
0x280D1FadcD55699B78b6c27EA9252d1701C49422;85328
0xCf067cE44bD8862fd2A2F0b84501B036149c1dF1;73987
0x3033e896B05e78A6ce5B0efc935f5CBA1000f726;8066
0x5985034f14Fd0781A0eDAb35c52b75550E587200;65350
0x2C03B2070ea3964333833E3f8A0377dff49fd3f1;41739
0x8E573B6B1B4F3a08537b27f81208b9B9793169A1;29900
0xceB19B991e10b81a8a94481b11492B366576b49A;39016
0x7aF1D5b0876a7D0f3b7702D473D446c1B35d7C6B;67014
0xD829D0CDB17EA5FBF6eFc3c126eA2EcA9C398347;52142
0x0a1Ad154dAa9375A90d647dB71B901004F380cb4;88065
0xad4B009903bBa0ba69973CD31D8bb4F863166799;88927
0x26b9a0E4fFC134064781ea682e75AcC5934f51Ed;91717
0x59122A07bf4aDBcFA16001238eC05CB04AD5176d;79663
0xf6649f664a1Ce0f1387Bc66a1bFBB19EC1297beF;26034
0xB879E75310962bBB64763844F59a90E15B6094BF;19483
0x0CD9dc31C08eA5cE3a148949E590CC35eA39919C;48370
0x1C671EE0af5cf10a29C1590cA06046789940996b;8190
0x873E527145754EED4E8eA54da331A3D13549cc27;43244
0x52001b547b07e75E45DC217f32c2C26C20901bf4;90537
0xA70f544fB0c665750ff410aF61769bE98D70E9C7;91833
0x66157Abbeec2c9F37C94514948910785EB65AF27;39887
0x22Fed0fBbf66f851b50A17D9c4438cB6b8FcFf77;73424
0xe911f93F440bB14A10F729803b0FE8bca716194a;42994
0xF834b40b76614A9d2dC1a8B13E32b0Ff04C442B7;9666
0xF6eA474518CE735329404Ab496B9f00b2990493E;53411
0xd5eDe179bD7c84C812991d47E4d7F3A23b3B2d75;73648
0x41ac22a7137Fa8001f2234C7d154aBcD29235B73;17362
0x6438a61D421345b47F64E6dD611418f63b70884e;88960
0xc0D4812F97aD5E0389AAbf29102D415ad20De5FE;98233
0x7aeCe5c75574d32a6EAcAce65cc479D20120E77e;83262
0xc2Bb63cE5A08aBF5f760841C1221f3C3A54c7469;47602
0xd328a453C6bbd071d588CAfFEd378e2AFd7940df;48638
0xa82D10De87e9A48C0A2994d87d80C6f4d216de15;91880
0x2F8924d4A2bBC6E82929FA091D90d318085C7748;33709
0x8Bcb7529bAc39b96375fe6A5e561abbc4B4BB805;17662
0x1f15320f9E7a90E962Fe651F1278c0716E3171E1;66148
0x980dadC5bb611b53E50eA8189dECF1e99a6f08cc;48667
0x93532D5029DA5341220C36e8bC0d195f3ed449eB;2117
0x7DbEfd05758FBf187F682C4bf7A93bED0C722447;65509
0x88E18D053EC9D202b8B7Cb8fd5F3C58f4A9e9D75;55265
0x4D3233F82eC97adcf8578AAE9E36c23713FC1bfF;10485
0xaCd38a6dCaDbd9d6D8bcbDF9F51AA26CCc2FaB99;14636
0x6A61561030F478DAC3b418223f9600bec0710Af1;480
0xB243697d9edae41aA37b73DF42d35A8b4462C3A7;1013
0x0bCA200137055Fad1a33E8B13b6b3D721feC1701;34332
0x4f0c404a96849998c3daC85bE6cE3E672931730D;13202
0x5A068F825206da551418e49Ed63b7b339E2e3e94;12398
0xD8EeC1Edc636AA8809B2484357284369707523CC;35684
0x0E191ed8e355e353f25662BA6045114C2A835279;41287
0x9818BeFAA6fef337DA24AE0c54B8d3DDa917fa67;84578
0x2255B072053a33daF592CAC794F3dB798Cd6B4c3;60617
0x439a3b54E3958ad08e7Ca3E385FBf55F2f750986;77003
0x8984d12097581fa180D642111a429Aa5e8c69101;9816
0xaEaB8d074719fA96667beC75Ec66db7329a2A9D1;97400
0xc7A646D2c544d7Ffba4c143A891DeC8B6e22BCE5;11658
0x8d9c2401573e4141D5Efc98892126A1d3962B078;84895
0x1E2cD8E6257B273FBB822B92D27E1248B8b259Bb;52561
0x267471a3CA6918840Ce3Cc4ed72DE8daCa1b00Dd;21942
0x2Cef476909185156CA57725929bB834d071d2f90;65919
0x71f6d28659F9AC7D4d0c62EDBB0Ac042C50836c9;6973
0x36d7a90ce80eE98D5139b36aB2d4200Cb7169Ea3;64080
0x2D63bA6800771deAfD67d3D88402997A6BF5c4A9;62419
0x3194546887FD4Cce56BB1FE4479468f1cbAeeE60;89624
0x843bD29e9D23573079012399E7764761A5E5F0b6;72634
0x8EaB626B7Cd013763C18145f37fF804c7F1FcAc2;35358
0xe4ECB41481B8BD1E608f961fc15E9a4aFaC9cc60;98182
0x6a95Ea143FDD6A605D55475963eD2772de311B6C;28138
0x80C375a783D0f23F4D23190FfF9c70c24263EcC5;33933
0x4Bf2ac7a18A3730a13564c445e70217856E82C84;19301
0x9453ea4e64040B0581fFf57208b680b940a8372F;63566
0x8D7723580a083F29Ecb5A2Ff570302029c4ef6Ec;10198
0x092a625e8D01185194657285010FC6a4FFd933F6;37613
0x2F8CAe8EA5cdDa75E1890D0Bbd36F7C4d99d0614;2461
0x17c38f0b4FA477d00FBfa5C8D4099c8f0e55bD35;62729
0x86d6098A6866b1C48EF7C48633e5fd47B382223B;69834
0x47FB0E0E06f38D53cC1Cfb3CAC22d1bB7f0838FE;60634
0xb056C3Cff503d8fe558773A6d6C260F04d0FC2BE;46081
0x3FbFAEcc50DCFe22EcC8f99befB1202C433cF66F;9622
0xA2d1FdF865904A2ddCE42f43ddD51F1ab6685D71;11544
0x99D9AAE285462cB8dbc300E1bEC6aE2e62466e4d;99775
0xF88a7c0a1df32BA3e437764B7eD72d8437EA3fB7;49808
0x0E157b20D371eFC3ef575CB08D417F0f4712293a;71660
0xB009cC33c871b1690355AfDa675d587925c4ff9C;77931
0xce3F4e6f1541779C04B1C4E3d2f203562905671C;49643
0x757B1DAB6aEF944234d7c9273252D1aa7897745d;78774
0x5BB534a73A0269F9e75e2f3768a3c74B2086c59D;16531
0xEda145001b18C37aB73e562a116FC9171505D6f1;9245
0xd152A3Bb3bfd5EA34995cdBc8B3a33F7B19E4F0E;96704
0x8C985cdCB934fFd7C09dF71B284Ac68Bb5396966;81407
0xf42222040251Feb34f0fDB719De446c2BfFc3d56;20618
0x3aC572F1281Ffed520d3D59C9bA058637394A333;1686
0x8b353aC79d9B6B53047538fF53b0BdFDA4B11F45;32177
0x4AbA06D555Fb0859c0028A72A84ae11B4FE1d94A;83587
0x1fB1A95aB825DA962dA37E87591CB38235cB1fa9;73204
0x25C4e74Df8e38661ABc3Ab94E0F8F0D82a5Fe3B2;10791
0xd740DEdf05e323a06175d315516a45e3cF84F3e6;44604
0x0A57D232C8EBAe0070229a3679C8AC1ff78eD893;8235
0xcF1d2CF3d8a95fEACC39d9d4CB81EA4F03b6a2F4;32297
0xDE45893eED559c833b6299E7124340E5Aa298808;40715
0x8118968BfD06D95F42431D9F585b05bE184b311D;51854
0x4d7EE875a556222bEFa4ff6B6F93f91405dA87F7;41801
0x173aF1A66ADC1Ef768bb5812525DfEa1AF1367F4;59682
0x75c840469A132610750e66c9E909Ce534Ef0712b;96565
0xa65d197EdF2AC6A5f9481217315aF5601f13A60a;9644
0x823cF3da2f640fA30cb251eE034B4f796d6D65b6;66107
0xFFc0eF8FD48fDa02977696415637a3283b6ED82a;54338
0xfbC2dC9683405D9E25909876510b2a668d0f94A3;83391
0xdD710be1529B490C6D59c3f205Ca2f4e1Ab2450D;40392
0xaAe95eBb40618a89eF6D5b283665E8A0A9203072;73107
0x3D775B5c2C7Eb969c96dC4D4d8e5c01356EB6203;66547
0x99755b495cB76E5717Cb77E1DcB135fF5DbB7612;17150
0xfEFa6eEd1B66C8Bb1Da56c4d1383815D22DF0CDb;33845
0xBA5c4563D7895c1630574772AaacD895F5e7F2d5;97713
0xA1768842bEF3343A8fA3a2630F5D701eA1e8F339;33499
0x15169dB93905ece13e26Ed45cE78A83CE4765E2b;55654
0x134e9A85c3B8dCF796BC579cc2830CCe4a01fd40;39853
0xf91dE57019e1B24BD8F2d2057D93B26f6067F3a1;6924
0x2C7C18Ddfda2eaD805A2d57E02A12066c982b515;17783
0xa94a5537F4AD581F307eE1aa5f2074D8B786E650;18227
